Sequencing;Sample;Population;Barcode ID;Barcode;;;;;;;;
Batch1;ALP1;ALP;1;CTCC;;;;;;;;
Batch1;ALP2;ALP;2;TGCA;;;;;;;;
Batch1;ALP3;ALP;3;ACTA;;;;;;;;
Batch1;ALP5;ALP;4;CAGA;;;;;;;;
Batch1;ALP6;ALP;5;AACT;;;;;;;;
Batch1;ALP7;ALP;6;GCGT;;;;;;;;
Batch1;ALP8;ALP;7;CGAT;;;;;;;;
Batch1;ALP9;ALP;8;GTAA;;;;;;;;
Batch1;ALP10;ALP;9;AGGC;;;;;;;;
Batch1;ALP11;ALP;10;GATC;;;;;;;;
Batch2;ALP12;ALP;1;CTCC;;;;;;;;
Batch2;ALP14;ALP;2;TGCA;;;;;;;;
Batch2;ALP15;ALP;3;ACTA;;;;;;;;
Batch2;CTT1;CTT;4;CAGA;;;;;;;;
Batch2;CTT2;CTT;5;AACT;;;;;;;;
Batch2;CTT3;CTT;6;GCGT;;;;;;;;
Batch2;LPASS1;LPASS;7;CGAT;;;;;;;;
Batch2;LPASS2;LPASS;8;GTAA;;;;;;;;
Batch2;LPASS4;LPASS;9;AGGC;;;;;;;;
Batch2;LPASS5;LPASS;10;GATC;;;;;;;;
Batch2;LPASS6;LPASS;11;TCAC;;;;;;;;
Batch2;LPASS7;LPASS;12;TGCGA;;;;;;;;
Batch2;LPASS8;LPASS;13;CGCTT;;;;;;;;
Batch2;LPASS9;LPASS;14;TCACC;;;;;;;;
Batch2;LPASS10;LPASS;15;CTAGC;;;;;;;;
Batch2;LPASS11;LPASS;16;ACAAA;;;;;;;;
Batch2;LPASS12;LPASS;17;TTCTC;;;;;;;;
Batch2;LPASS13;LPASS;18;AGCCC;;;;;;;;
Batch2;LPASS14;LPASS;19;GTATT;;;;;;;;
Batch2;LPASS15;LPASS;20;CTGTA;;;;;;;;
Batch2;MAU1;MAU;21;ACCGT;;;;;;;;
Batch2;MAU5;MAU;22;GCTTA;;;;;;;;
Batch2;MAU7;MAU;23;GGTGT;;;;;;;;
Batch2;MAU8;MAU;24;AGGAT;;;;;;;;
Batch2;MAU9;MAU;25;ATTGA;;;;;;;;
Batch2;MAU10;MAU;26;CATCT;;;;;;;;
Batch2;MAU11;MAU;27;CCTAC;;;;;;;;
Batch2;PDR1;PDR;28;GAGGA;;;;;;;;
Batch2;PDR2;PDR;29;GGAAC;;;;;;;;
Batch2;PDR3;PDR;30;GTCAA;;;;;;;;
Batch2;PDR4;PDR;31;TAATA;;;;;;;;
Batch2;PDR5;PDR;32;TACAT;;;;;;;;
Batch2;PDR8;PDR;33;TCGTT;;;;;;;;
Batch2;PDR9;PDR;34;GGTTGT;;;;;;;;
Batch2;PDR10;PDR;35;CCAGCT;;;;;;;;
Batch2;PDR11;PDR;36;TTCAGA;;;;;;;;
Batch2;PDR12;PDR;37;TAGGAA;;;;;;;;
Batch2;PDR13;PDR;38;GCTCTA;;;;;;;;
Batch2;PDR14;PDR;39;CCACAA;;;;;;;;
Batch2;PDR15;PDR;40;CTTCCA;;;;;;;;
Batch2;PPURA1;PPURA;41;GAGATA;;;;;;;;
Batch2;PPURA2;PPURA;42;ATGCCT;;;;;;;;
Batch2;PPURA3;PPURA;43;AGTGGA;;;;;;;;
Batch2;PPURA4;PPURA;44;ACCTAA;;;;;;;;
Batch2;PPURA5;PPURA;45;ATATGT;;;;;;;;
Batch2;PPURA7;PPURA;46;ATCGTA;;;;;;;;
Batch2;PPUR8;PPURA;47;CATCGT;;;;;;;;
Batch2;PPURA10;PPURA;48;CGCGGT;;;;;;;;
Batch2;PPURA11;PPURA;49;CTATTA;;;;;;;;
Batch2;PPURA13;PPURA;50;GCCAGT;;;;;;;;
Batch2;PPURA15;PPURA;51;GGAAGA;;;;;;;;
Batch2;RT3;RT;52;GTACTT;;;;;;;;
Batch2;RT6;RT;53;GTTGAA;;;;;;;;
Batch2;RT9;RT;54;TAACGA;;;;;;;;
Batch2;RT11;RT;55;TGGCTA;;;;;;;;
Batch2;RT14;RT;56;TATTTTT;;;;;;;;
Batch2;RT15;RT;57;CTTGCTT;;;;;;;;
Batch2;RT16;RT;58;ATGAAAC;;;;;;;;
Batch2;SP5I7;SERVA;59;AAAAGTT;;;;;;;;
Batch2;SP6I8;SERVA;60;GAATTCA;;;;;;;;
Batch2;SP7I9;SERVA;61;GAACTTC;;;;;;;;
Batch2;SP7I10;SERVA;62;GGACCTA;;;;;;;;
Batch2;SP7I11;SERVA;63;GTCGATT;;;;;;;;
Batch2;SP10I12;SERVA;64;AACGCCT;;;;;;;;
Batch2;SP11I13;SERVA;65;AATATGC;;;;;;;;
Batch2;SP11I14;SERVA;66;ACGTGTT;;;;;;;;
Batch2;SP12I15;SERVA;67;ATTAATT;;;;;;;;
Batch2;SP13I16;SERVA;68;ATTGGAT;;;;;;;;
Batch2;SP14I17;SERVA;69;CATAAGT;;;;;;;;
Batch2;SP17I18;SERVA;70;CGCTGAT;;;;;;;;
Batch2;SP17I19;SERVA;71;CGGTAGA;;;;;;;;
Batch2;SNEV1;SNEV;72;CTACGGA;;;;;;;;
Batch2;SNEV2;SNEV;73;GCGGAAT;;;;;;;;
Batch2;SNEV3;SNEV;74;TAGCGGA;;;;;;;;
Batch2;SNEV5;SNEV;75;TCGAAGA;;;;;;;;
Batch2;SNEV6;SNEV;76;TCTGTGA;;;;;;;;
Batch2;SNEV7;SNEV;77;TGCTGGA;;;;;;;;
Batch2;SNEV8;SNEV;78;ACGACTAC;;;;;;;;
Batch2;SNEV9;SNEV;79;TAGCATGC;;;;;;;;
Batch2;SNEV10;SNEV;80;TAGGCCAT;;;;;;;;
Batch2;SNEV11;SNEV;81;TGCAAGGA;;;;;;;;
Batch2;SNEV13;SNEV;82;TGGTACGT;;;;;;;;
Batch2;SNEV14;SNEV;83;TCTCAGTC;;;;;;;;
Batch2;STE1;STE;84;CCGGATAT;;;;;;;;
Batch2;STE3;STE;85;CGCCTTAT;;;;;;;;
Batch2;STE4;STE;86;AACCGAGA;;;;;;;;
Batch2;STE5;STE;87;ACAGGGAA;;;;;;;;
Batch2;STE6;STE;88;ACGTGGTA;;;;;;;;
Batch2;STE7;STE;89;CCATGGGT;;;;;;;;
Batch2;STE8;STE;90;CGCGGAGA;;;;;;;;
Batch2;STE9;STE;91;CGTGTGGT;;;;;;;;
Batch2;STE10;STE;92;GCTGTGGA;;;;;;;;
Batch2;STE11;STE;93;GGATTGGT;;;;;;;;
Batch2;STE13;STE;94;GTGAGGGT;;;;;;;;
Batch2;STE14;STE;95;TATCGGGA;;;;;;;;
Batch2;STE15;STE;96;TTCCTGGA;;;;;;;;
